name,slug,url,category,status,price,product_image_url,supplement_facts_image_url,extraction_method,extraction_confidence,last_scraped_at
,super-b-complex,https://www.whpwellness.com/product-page/super-b-complex,,live,,,,,,2026-04-15T20:09:00.204901+00:00
AMP-K,amp-k,https://www.whpwellness.com/product-page/amp-k,,live,,"https://static.wixstatic.com/media/7b35c7_85ce0b1155e84182b70552dc10de45da~mv2.png/v1/fill/w_441,h_441,al_c,q_85,usm_0.66_1.00_0.01,enc_avif,quality_auto/7b35c7_85ce0b1155e84182b70552dc10de45da~mv2.png","https://static.wixstatic.com/media/11062b_ddb9213a8b9843fc95e4200cd0622fe2~mv2.jpg/v1/fill/w_1080,h_732,al_c,q_85,usm_0.66_1.00_0.01,enc_avif,quality_auto/11062b_ddb9213a8b9843fc95e4200cd0622fe2~mv2.jpg",,,2026-04-15T19:28:07.712600+00:00
Aloe,aloe,https://www.whpwellness.com/product-page/aloe,,live,,"https://static.wixstatic.com/media/7b35c7_df226048e2dd4a0fa30c5a9856f231c5~mv2.png/v1/fill/w_441,h_441,al_c,q_85,usm_0.66_1.00_0.01,enc_avif,quality_auto/7b35c7_df226048e2dd4a0fa30c5a9856f231c5~mv2.png","https://static.wixstatic.com/media/11062b_ddb9213a8b9843fc95e4200cd0622fe2~mv2.jpg/v1/fill/w_1080,h_732,al_c,q_85,usm_0.66_1.00_0.01,enc_avif,quality_auto/11062b_ddb9213a8b9843fc95e4200cd0622fe2~mv2.jpg",,,2026-04-15T20:00:23.460954+00:00
Artemisinin Emulsion,artemisinin-emulsion,https://www.whpwellness.com/product-page/artemisinin-emulsion,,live,,"https://static.wixstatic.com/media/7b35c7_9aab2c5f5c324723840e078a823457df~mv2.png/v1/fill/w_441,h_441,al_c,q_85,usm_0.66_1.00_0.01,enc_avif,quality_auto/7b35c7_9aab2c5f5c324723840e078a823457df~mv2.png","https://static.wixstatic.com/media/11062b_ddb9213a8b9843fc95e4200cd0622fe2~mv2.jpg/v1/fill/w_1080,h_732,al_c,q_85,usm_0.66_1.00_0.01,enc_avif,quality_auto/11062b_ddb9213a8b9843fc95e4200cd0622fe2~mv2.jpg",,,2026-04-15T19:27:51.291298+00:00
BPC-157 + KPV,bpc-157-kpv,https://www.whpwellness.com/product-page/bpc-157-kpv,,live,,"https://static.wixstatic.com/media/7b35c7_534d8fcdf4314b5b80dae1ad93b58e0c~mv2.png/v1/fill/w_441,h_441,al_c,q_85,usm_0.66_1.00_0.01,enc_avif,quality_auto/7b35c7_534d8fcdf4314b5b80dae1ad93b58e0c~mv2.png","https://static.wixstatic.com/media/11062b_ddb9213a8b9843fc95e4200cd0622fe2~mv2.jpg/v1/fill/w_1080,h_732,al_c,q_85,usm_0.66_1.00_0.01,enc_avif,quality_auto/11062b_ddb9213a8b9843fc95e4200cd0622fe2~mv2.jpg",,,2026-04-15T19:27:41.850037+00:00
BPC-157 + TB-500,bpc-157-tb-500,https://www.whpwellness.com/product-page/bpc-157-tb-500,,live,,"https://static.wixstatic.com/media/7b35c7_4910738ec44046b6a6a3e190d2891d57~mv2.png/v1/fill/w_441,h_424,al_c,q_85,usm_0.66_1.00_0.01,enc_avif,quality_auto/7b35c7_4910738ec44046b6a6a3e190d2891d57~mv2.png","https://static.wixstatic.com/media/11062b_ddb9213a8b9843fc95e4200cd0622fe2~mv2.jpg/v1/fill/w_1080,h_732,al_c,q_85,usm_0.66_1.00_0.01,enc_avif,quality_auto/11062b_ddb9213a8b9843fc95e4200cd0622fe2~mv2.jpg",,,2026-04-15T19:27:45.403273+00:00
Bio Spores,bio-spore,https://www.whpwellness.com/product-page/bio-spore,,live,,"https://static.wixstatic.com/media/7b35c7_2b67e672a6094b5ca62d54613b7286c1~mv2.png/v1/fill/w_441,h_441,al_c,q_85,usm_0.66_1.00_0.01,enc_avif,quality_auto/7b35c7_2b67e672a6094b5ca62d54613b7286c1~mv2.png","https://static.wixstatic.com/media/11062b_ddb9213a8b9843fc95e4200cd0622fe2~mv2.jpg/v1/fill/w_1080,h_732,al_c,q_85,usm_0.66_1.00_0.01,enc_avif,quality_auto/11062b_ddb9213a8b9843fc95e4200cd0622fe2~mv2.jpg",,,2026-04-15T19:27:58.344959+00:00
Cal-Mag,cal-mag,https://www.whpwellness.com/product-page/cal-mag,,live,,"https://static.wixstatic.com/media/7b35c7_654c02bec48e4044a4ae6baabba06515~mv2.png/v1/fill/w_441,h_441,al_c,q_85,usm_0.66_1.00_0.01,enc_avif,quality_auto/7b35c7_654c02bec48e4044a4ae6baabba06515~mv2.png","https://static.wixstatic.com/media/11062b_ddb9213a8b9843fc95e4200cd0622fe2~mv2.jpg/v1/fill/w_1080,h_732,al_c,q_85,usm_0.66_1.00_0.01,enc_avif,quality_auto/11062b_ddb9213a8b9843fc95e4200cd0622fe2~mv2.jpg",,,2026-04-15T19:27:57.814550+00:00
Calm,calm,https://www.whpwellness.com/product-page/calm,,live,,"https://static.wixstatic.com/media/7b35c7_aa4578394f1845cc9d813dc49943c87f~mv2.png/v1/fill/w_441,h_441,al_c,q_85,usm_0.66_1.00_0.01,enc_avif,quality_auto/7b35c7_aa4578394f1845cc9d813dc49943c87f~mv2.png","https://static.wixstatic.com/media/11062b_ddb9213a8b9843fc95e4200cd0622fe2~mv2.jpg/v1/fill/w_1080,h_732,al_c,q_85,usm_0.66_1.00_0.01,enc_avif,quality_auto/11062b_ddb9213a8b9843fc95e4200cd0622fe2~mv2.jpg",,,2026-04-15T19:28:04.446713+00:00
Candida Support,candida-support,https://www.whpwellness.com/product-page/candida-support,,live,,"https://static.wixstatic.com/media/7b35c7_9c6d5e71c985457fb7c78f0f7f298e63~mv2.png/v1/fill/w_441,h_441,al_c,q_85,usm_0.66_1.00_0.01,enc_avif,quality_auto/7b35c7_9c6d5e71c985457fb7c78f0f7f298e63~mv2.png","https://static.wixstatic.com/media/11062b_ddb9213a8b9843fc95e4200cd0622fe2~mv2.jpg/v1/fill/w_1080,h_732,al_c,q_85,usm_0.66_1.00_0.01,enc_avif,quality_auto/11062b_ddb9213a8b9843fc95e4200cd0622fe2~mv2.jpg",,,2026-04-15T20:00:47.245588+00:00
Cat’s Claw Elite®,cat-s-claw-elite,https://www.whpwellness.com/product-page/cat-s-claw-elite,,live,,"https://static.wixstatic.com/media/7b35c7_48988488abc348d68f84de6e9b47c3a7~mv2.png/v1/fill/w_441,h_441,al_c,q_85,usm_0.66_1.00_0.01,enc_avif,quality_auto/7b35c7_48988488abc348d68f84de6e9b47c3a7~mv2.png","https://static.wixstatic.com/media/11062b_ddb9213a8b9843fc95e4200cd0622fe2~mv2.jpg/v1/fill/w_1080,h_732,al_c,q_85,usm_0.66_1.00_0.01,enc_avif,quality_auto/11062b_ddb9213a8b9843fc95e4200cd0622fe2~mv2.jpg",,,2026-04-15T19:27:50.764329+00:00
Cat’s Claw V-Max,cat-s-claw-v-max,https://www.whpwellness.com/product-page/cat-s-claw-v-max,,live,,"https://static.wixstatic.com/media/7b35c7_67088c0de53f4ae6b7d5beeda4fb6679~mv2.png/v1/fill/w_441,h_441,al_c,q_85,usm_0.66_1.00_0.01,enc_avif,quality_auto/7b35c7_67088c0de53f4ae6b7d5beeda4fb6679~mv2.png","https://static.wixstatic.com/media/11062b_ddb9213a8b9843fc95e4200cd0622fe2~mv2.jpg/v1/fill/w_1080,h_732,al_c,q_85,usm_0.66_1.00_0.01,enc_avif,quality_auto/11062b_ddb9213a8b9843fc95e4200cd0622fe2~mv2.jpg",,,2026-04-15T19:27:50.147250+00:00
Crypto Co-Max,crypto-co-max,https://www.whpwellness.com/product-page/crypto-co-max,,live,,"https://static.wixstatic.com/media/7b35c7_8f86d429dad44667ab6bb3d80f29da87~mv2.png/v1/fill/w_441,h_441,al_c,q_85,usm_0.66_1.00_0.01,enc_avif,quality_auto/7b35c7_8f86d429dad44667ab6bb3d80f29da87~mv2.png","https://static.wixstatic.com/media/11062b_ddb9213a8b9843fc95e4200cd0622fe2~mv2.jpg/v1/fill/w_1080,h_732,al_c,q_85,usm_0.66_1.00_0.01,enc_avif,quality_auto/11062b_ddb9213a8b9843fc95e4200cd0622fe2~mv2.jpg",,,2026-04-15T19:27:47.187429+00:00
Cryptolepis,cryptolepis,https://www.whpwellness.com/product-page/cryptolepis,,live,,"https://static.wixstatic.com/media/7b35c7_06012fdf8bce42a7b76ce31b4b02f567~mv2.png/v1/fill/w_441,h_441,al_c,q_85,usm_0.66_1.00_0.01,enc_avif,quality_auto/7b35c7_06012fdf8bce42a7b76ce31b4b02f567~mv2.png","https://static.wixstatic.com/media/11062b_ddb9213a8b9843fc95e4200cd0622fe2~mv2.jpg/v1/fill/w_1080,h_732,al_c,q_85,usm_0.66_1.00_0.01,enc_avif,quality_auto/11062b_ddb9213a8b9843fc95e4200cd0622fe2~mv2.jpg",,,2026-04-15T20:01:06.873891+00:00
Cystimax,cystimax,https://www.whpwellness.com/product-page/cystimax,,live,,"https://static.wixstatic.com/media/7b35c7_88d4616229784865a74ad31fd0219409~mv2.png/v1/fill/w_441,h_441,al_c,q_85,usm_0.66_1.00_0.01,enc_avif,quality_auto/7b35c7_88d4616229784865a74ad31fd0219409~mv2.png","https://static.wixstatic.com/media/11062b_ddb9213a8b9843fc95e4200cd0622fe2~mv2.jpg/v1/fill/w_1080,h_732,al_c,q_85,usm_0.66_1.00_0.01,enc_avif,quality_auto/11062b_ddb9213a8b9843fc95e4200cd0622fe2~mv2.jpg",,,2026-04-15T20:01:25.917858+00:00
D-Enzyme,d-enzyme,https://www.whpwellness.com/product-page/d-enzyme,,live,,"https://static.wixstatic.com/media/7b35c7_3cf4142bc855490d9d96b4fc922ba85a~mv2.png/v1/fill/w_441,h_441,al_c,q_85,usm_0.66_1.00_0.01,enc_avif,quality_auto/7b35c7_3cf4142bc855490d9d96b4fc922ba85a~mv2.png","https://static.wixstatic.com/media/11062b_ddb9213a8b9843fc95e4200cd0622fe2~mv2.jpg/v1/fill/w_1080,h_732,al_c,q_85,usm_0.66_1.00_0.01,enc_avif,quality_auto/11062b_ddb9213a8b9843fc95e4200cd0622fe2~mv2.jpg",,,2026-04-15T20:01:15.630740+00:00
DHEA 25 mg,dhea-25-mg,https://www.whpwellness.com/product-page/dhea-25-mg,,live,,"https://static.wixstatic.com/media/7b35c7_1fdeb7e1a2234055962d0cf84e34bd44~mv2.png/v1/fill/w_441,h_441,al_c,q_85,usm_0.66_1.00_0.01,enc_avif,quality_auto/7b35c7_1fdeb7e1a2234055962d0cf84e34bd44~mv2.png","https://static.wixstatic.com/media/11062b_ddb9213a8b9843fc95e4200cd0622fe2~mv2.jpg/v1/fill/w_1080,h_732,al_c,q_85,usm_0.66_1.00_0.01,enc_avif,quality_auto/11062b_ddb9213a8b9843fc95e4200cd0622fe2~mv2.jpg",,,2026-04-15T20:00:37.961005+00:00
DHEA 5 mg,dhea-5-mg,https://www.whpwellness.com/product-page/dhea-5-mg,,live,,"https://static.wixstatic.com/media/7b35c7_5900777ac4fe46d0b045b2ab298a11ac~mv2.png/v1/fill/w_441,h_441,al_c,q_85,usm_0.66_1.00_0.01,enc_avif,quality_auto/7b35c7_5900777ac4fe46d0b045b2ab298a11ac~mv2.png","https://static.wixstatic.com/media/11062b_ddb9213a8b9843fc95e4200cd0622fe2~mv2.jpg/v1/fill/w_1080,h_732,al_c,q_85,usm_0.66_1.00_0.01,enc_avif,quality_auto/11062b_ddb9213a8b9843fc95e4200cd0622fe2~mv2.jpg",,,2026-04-15T20:01:07.438652+00:00
DIM-CDG,dim-cdg,https://www.whpwellness.com/product-page/dim-cdg,,live,,"https://static.wixstatic.com/media/7b35c7_5b9e8aab041a4c51be0b4ed19bcbdd87~mv2.png/v1/fill/w_441,h_441,al_c,q_85,usm_0.66_1.00_0.01,enc_avif,quality_auto/7b35c7_5b9e8aab041a4c51be0b4ed19bcbdd87~mv2.png","https://static.wixstatic.com/media/11062b_ddb9213a8b9843fc95e4200cd0622fe2~mv2.jpg/v1/fill/w_1080,h_732,al_c,q_85,usm_0.66_1.00_0.01,enc_avif,quality_auto/11062b_ddb9213a8b9843fc95e4200cd0622fe2~mv2.jpg",,,2026-04-15T20:00:40.475007+00:00
Detox 2,detox-2,https://www.whpwellness.com/product-page/detox-2,,live,,"https://static.wixstatic.com/media/7b35c7_1c244fab72b94e22943d2427b057b1af~mv2.png/v1/fill/w_441,h_441,al_c,q_85,usm_0.66_1.00_0.01,enc_avif,quality_auto/7b35c7_1c244fab72b94e22943d2427b057b1af~mv2.png","https://static.wixstatic.com/media/11062b_ddb9213a8b9843fc95e4200cd0622fe2~mv2.jpg/v1/fill/w_1080,h_732,al_c,q_85,usm_0.66_1.00_0.01,enc_avif,quality_auto/11062b_ddb9213a8b9843fc95e4200cd0622fe2~mv2.jpg",,,2026-04-15T19:28:10.261383+00:00
EDTA with R-Lipoic Acid,edta-with-r-lipoic-acid,https://www.whpwellness.com/product-page/edta-with-r-lipoic-acid,,live,,"https://static.wixstatic.com/media/7b35c7_2c556e98913d4724850eab0ab9f2ba15~mv2.png/v1/fill/w_441,h_441,al_c,q_85,usm_0.66_1.00_0.01,enc_avif,quality_auto/7b35c7_2c556e98913d4724850eab0ab9f2ba15~mv2.png","https://static.wixstatic.com/media/11062b_ddb9213a8b9843fc95e4200cd0622fe2~mv2.jpg/v1/fill/w_1080,h_732,al_c,q_85,usm_0.66_1.00_0.01,enc_avif,quality_auto/11062b_ddb9213a8b9843fc95e4200cd0622fe2~mv2.jpg",,,2026-04-15T19:27:46.627071+00:00
EZ Meal,ez-meal-1,https://www.whpwellness.com/product-page/ez-meal-1,,live,,"https://static.wixstatic.com/media/7b35c7_1462489a237346c9bfb9c4c3b7789a13~mv2.png/v1/fill/w_441,h_441,al_c,q_85,usm_0.66_1.00_0.01,enc_avif,quality_auto/7b35c7_1462489a237346c9bfb9c4c3b7789a13~mv2.png","https://static.wixstatic.com/media/11062b_ddb9213a8b9843fc95e4200cd0622fe2~mv2.jpg/v1/fill/w_1080,h_732,al_c,q_85,usm_0.66_1.00_0.01,enc_avif,quality_auto/11062b_ddb9213a8b9843fc95e4200cd0622fe2~mv2.jpg",,,2026-04-15T19:27:30.783759+00:00
Estro-FEM,estro-fem,https://www.whpwellness.com/product-page/estro-fem,,live,,"https://static.wixstatic.com/media/7b35c7_0f6dff39cae94aee9761307cbad42f08~mv2.png/v1/fill/w_441,h_441,al_c,q_85,usm_0.66_1.00_0.01,enc_avif,quality_auto/7b35c7_0f6dff39cae94aee9761307cbad42f08~mv2.png","https://static.wixstatic.com/media/11062b_ddb9213a8b9843fc95e4200cd0622fe2~mv2.jpg/v1/fill/w_1080,h_732,al_c,q_85,usm_0.66_1.00_0.01,enc_avif,quality_auto/11062b_ddb9213a8b9843fc95e4200cd0622fe2~mv2.jpg",,,2026-04-15T20:00:45.055761+00:00
Fiber Fit,fiber-fit-1,https://www.whpwellness.com/product-page/fiber-fit-1,,live,,"https://static.wixstatic.com/media/7b35c7_14645c22368d4dff97f0708644e8f14d~mv2.png/v1/fill/w_498,h_501,al_c,q_85,usm_0.66_1.00_0.01,enc_avif,quality_auto/7b35c7_14645c22368d4dff97f0708644e8f14d~mv2.png","https://static.wixstatic.com/media/11062b_ddb9213a8b9843fc95e4200cd0622fe2~mv2.jpg/v1/fill/w_1080,h_718,al_c,q_85,usm_0.66_1.00_0.01,enc_avif,quality_auto/11062b_ddb9213a8b9843fc95e4200cd0622fe2~mv2.jpg",,,2026-04-15T19:27:29.070477+00:00
GI Rebuild,gi-rebuild,https://www.whpwellness.com/product-page/gi-rebuild,,live,,"https://static.wixstatic.com/media/7b35c7_819373fa51c146699d9594506768353c~mv2.png/v1/fill/w_441,h_441,al_c,q_85,usm_0.66_1.00_0.01,enc_avif,quality_auto/7b35c7_819373fa51c146699d9594506768353c~mv2.png","https://static.wixstatic.com/media/11062b_ddb9213a8b9843fc95e4200cd0622fe2~mv2.jpg/v1/fill/w_1080,h_732,al_c,q_85,usm_0.66_1.00_0.01,enc_avif,quality_auto/11062b_ddb9213a8b9843fc95e4200cd0622fe2~mv2.jpg",,,2026-04-15T20:01:15.003306+00:00
GI Reinforce,gi-reinforce,https://www.whpwellness.com/product-page/gi-reinforce,,live,,"https://static.wixstatic.com/media/7b35c7_dea66552b0b84cafa7befac71c8a407c~mv2.png/v1/fill/w_441,h_441,al_c,q_85,usm_0.66_1.00_0.01,enc_avif,quality_auto/7b35c7_dea66552b0b84cafa7befac71c8a407c~mv2.png","https://static.wixstatic.com/media/11062b_ddb9213a8b9843fc95e4200cd0622fe2~mv2.jpg/v1/fill/w_1080,h_732,al_c,q_85,usm_0.66_1.00_0.01,enc_avif,quality_auto/11062b_ddb9213a8b9843fc95e4200cd0622fe2~mv2.jpg",,,2026-04-15T20:01:03.892633+00:00
GI Restore,gi-restore,https://www.whpwellness.com/product-page/gi-restore,,live,,"https://static.wixstatic.com/media/7b35c7_23060ee4be594a43a697a536807d7e4c~mv2.png/v1/fill/w_441,h_441,al_c,q_85,usm_0.66_1.00_0.01,enc_avif,quality_auto/7b35c7_23060ee4be594a43a697a536807d7e4c~mv2.png","https://static.wixstatic.com/media/11062b_ddb9213a8b9843fc95e4200cd0622fe2~mv2.jpg/v1/fill/w_1080,h_732,al_c,q_85,usm_0.66_1.00_0.01,enc_avif,quality_auto/11062b_ddb9213a8b9843fc95e4200cd0622fe2~mv2.jpg",,,2026-04-15T20:01:11.034302+00:00
Glutathione Cacao Mint,glutathione-cacao-mint,https://www.whpwellness.com/product-page/glutathione-cacao-mint,,live,,"https://static.wixstatic.com/media/7b35c7_215087b795174f88ad2cd4925e58a6ca~mv2.png/v1/fill/w_441,h_441,al_c,q_85,usm_0.66_1.00_0.01,enc_avif,quality_auto/7b35c7_215087b795174f88ad2cd4925e58a6ca~mv2.png","https://static.wixstatic.com/media/11062b_ddb9213a8b9843fc95e4200cd0622fe2~mv2.jpg/v1/fill/w_1080,h_732,al_c,q_85,usm_0.66_1.00_0.01,enc_avif,quality_auto/11062b_ddb9213a8b9843fc95e4200cd0622fe2~mv2.jpg",,,2026-04-15T19:27:38.510730+00:00
HCL B/P,hcl-b-p,https://www.whpwellness.com/product-page/hcl-b-p,,live,,"https://static.wixstatic.com/media/7b35c7_5d5a354d520e4abdb3fbdec02e26bad2~mv2.png/v1/fill/w_441,h_441,al_c,q_85,usm_0.66_1.00_0.01,enc_avif,quality_auto/7b35c7_5d5a354d520e4abdb3fbdec02e26bad2~mv2.png","https://static.wixstatic.com/media/11062b_ddb9213a8b9843fc95e4200cd0622fe2~mv2.jpg/v1/fill/w_1080,h_732,al_c,q_85,usm_0.66_1.00_0.01,enc_avif,quality_auto/11062b_ddb9213a8b9843fc95e4200cd0622fe2~mv2.jpg",,,2026-04-15T19:27:57.190942+00:00
Hair & Nails,hair-nails,https://www.whpwellness.com/product-page/hair-nails,,live,,"https://static.wixstatic.com/media/7b35c7_1ac6c78c8a554327889c5f01cc89d4fb~mv2.png/v1/fill/w_441,h_441,al_c,q_85,usm_0.66_1.00_0.01,enc_avif,quality_auto/7b35c7_1ac6c78c8a554327889c5f01cc89d4fb~mv2.png","https://static.wixstatic.com/media/11062b_ddb9213a8b9843fc95e4200cd0622fe2~mv2.jpg/v1/fill/w_1080,h_732,al_c,q_85,usm_0.66_1.00_0.01,enc_avif,quality_auto/11062b_ddb9213a8b9843fc95e4200cd0622fe2~mv2.jpg",,,2026-04-15T20:00:27.522765+00:00
Her Flora,her-flora,https://www.whpwellness.com/product-page/her-flora,,live,,"https://static.wixstatic.com/media/7b35c7_e27309cea6d0494a980238bba6e901e5~mv2.png/v1/fill/w_441,h_441,al_c,q_85,usm_0.66_1.00_0.01,enc_avif,quality_auto/7b35c7_e27309cea6d0494a980238bba6e901e5~mv2.png","https://static.wixstatic.com/media/11062b_ddb9213a8b9843fc95e4200cd0622fe2~mv2.jpg/v1/fill/w_1080,h_732,al_c,q_85,usm_0.66_1.00_0.01,enc_avif,quality_auto/11062b_ddb9213a8b9843fc95e4200cd0622fe2~mv2.jpg",,,2026-04-15T19:27:54.948519+00:00
IMD® Intestinal Cleanse,imd-intestinal-cleanse,https://www.whpwellness.com/product-page/imd-intestinal-cleanse,,live,,"https://static.wixstatic.com/media/7b35c7_d9da0a0044e94393addb8424dcf1e770~mv2.png/v1/fill/w_441,h_441,al_c,q_85,usm_0.66_1.00_0.01,enc_avif,quality_auto/7b35c7_d9da0a0044e94393addb8424dcf1e770~mv2.png","https://static.wixstatic.com/media/11062b_ddb9213a8b9843fc95e4200cd0622fe2~mv2.jpg/v1/fill/w_1080,h_732,al_c,q_85,usm_0.66_1.00_0.01,enc_avif,quality_auto/11062b_ddb9213a8b9843fc95e4200cd0622fe2~mv2.jpg",,,2026-04-15T19:27:46.004383+00:00
Immune Pro,immune-pro,https://www.whpwellness.com/product-page/immune-pro,,live,,"https://static.wixstatic.com/media/7b35c7_9cd5c54c2e8a4d3d8f5f106a3ffa480b~mv2.png/v1/fill/w_441,h_441,al_c,q_85,usm_0.66_1.00_0.01,enc_avif,quality_auto/7b35c7_9cd5c54c2e8a4d3d8f5f106a3ffa480b~mv2.png","https://static.wixstatic.com/media/11062b_ddb9213a8b9843fc95e4200cd0622fe2~mv2.jpg/v1/fill/w_1080,h_732,al_c,q_85,usm_0.66_1.00_0.01,enc_avif,quality_auto/11062b_ddb9213a8b9843fc95e4200cd0622fe2~mv2.jpg",,,2026-04-15T20:00:59.859142+00:00
Immune+,immune,https://www.whpwellness.com/product-page/immune,,live,,"https://static.wixstatic.com/media/7b35c7_50c19ab52ba946d39ef13c726afb26ee~mv2.png/v1/fill/w_441,h_441,al_c,q_85,usm_0.66_1.00_0.01,enc_avif,quality_auto/7b35c7_50c19ab52ba946d39ef13c726afb26ee~mv2.png","https://static.wixstatic.com/media/11062b_ddb9213a8b9843fc95e4200cd0622fe2~mv2.jpg/v1/fill/w_1080,h_732,al_c,q_85,usm_0.66_1.00_0.01,enc_avif,quality_auto/11062b_ddb9213a8b9843fc95e4200cd0622fe2~mv2.jpg",,,2026-04-15T20:00:41.755651+00:00
InflamaQ,inflamaq,https://www.whpwellness.com/product-page/inflamaq,,live,,"https://static.wixstatic.com/media/7b35c7_02b9c6060db940c2a53db35960c907a3~mv2.png/v1/fill/w_441,h_441,al_c,q_85,usm_0.66_1.00_0.01,enc_avif,quality_auto/7b35c7_02b9c6060db940c2a53db35960c907a3~mv2.png","https://static.wixstatic.com/media/11062b_ddb9213a8b9843fc95e4200cd0622fe2~mv2.jpg/v1/fill/w_1080,h_732,al_c,q_85,usm_0.66_1.00_0.01,enc_avif,quality_auto/11062b_ddb9213a8b9843fc95e4200cd0622fe2~mv2.jpg",,,2026-04-15T19:28:01.186940+00:00
Inositol Blend,inositol-blend-1,https://www.whpwellness.com/product-page/inositol-blend-1,,live,,"https://static.wixstatic.com/media/7b35c7_2025d7e39a2e4aef8368ab5804e17b2c~mv2.png/v1/fill/w_498,h_501,al_c,q_85,usm_0.66_1.00_0.01,enc_avif,quality_auto/7b35c7_2025d7e39a2e4aef8368ab5804e17b2c~mv2.png","https://static.wixstatic.com/media/11062b_ddb9213a8b9843fc95e4200cd0622fe2~mv2.jpg/v1/fill/w_1080,h_732,al_c,q_85,usm_0.66_1.00_0.01,enc_avif,quality_auto/11062b_ddb9213a8b9843fc95e4200cd0622fe2~mv2.jpg",,,2026-04-15T19:27:29.576693+00:00
Iron,iron,https://www.whpwellness.com/product-page/iron,,live,,"https://static.wixstatic.com/media/7b35c7_587e39ada47d49e69a74b1279797a45e~mv2.png/v1/fill/w_441,h_441,al_c,q_85,usm_0.66_1.00_0.01,enc_avif,quality_auto/7b35c7_587e39ada47d49e69a74b1279797a45e~mv2.png","https://static.wixstatic.com/media/11062b_ddb9213a8b9843fc95e4200cd0622fe2~mv2.jpg/v1/fill/w_1080,h_732,al_c,q_85,usm_0.66_1.00_0.01,enc_avif,quality_auto/11062b_ddb9213a8b9843fc95e4200cd0622fe2~mv2.jpg",,,2026-04-15T20:01:18.499855+00:00
Kidney Care,kidney-care-1,https://www.whpwellness.com/product-page/kidney-care-1,,live,,"https://static.wixstatic.com/media/7b35c7_b501bbe5cb684e32ad2a39eb53acbc4b~mv2.png/v1/fill/w_441,h_441,al_c,q_85,usm_0.66_1.00_0.01,enc_avif,quality_auto/7b35c7_b501bbe5cb684e32ad2a39eb53acbc4b~mv2.png","https://static.wixstatic.com/media/11062b_ddb9213a8b9843fc95e4200cd0622fe2~mv2.jpg/v1/fill/w_1080,h_732,al_c,q_85,usm_0.66_1.00_0.01,enc_avif,quality_auto/11062b_ddb9213a8b9843fc95e4200cd0622fe2~mv2.jpg",,,2026-04-15T19:27:34.410227+00:00
L-Carnitine,l-carnitine,https://www.whpwellness.com/product-page/l-carnitine,,live,,"https://static.wixstatic.com/media/7b35c7_c4f8db1abfd749c992311b457c29df8b~mv2.png/v1/fill/w_441,h_441,al_c,q_85,usm_0.66_1.00_0.01,enc_avif,quality_auto/7b35c7_c4f8db1abfd749c992311b457c29df8b~mv2.png","https://static.wixstatic.com/media/11062b_ddb9213a8b9843fc95e4200cd0622fe2~mv2.jpg/v1/fill/w_1080,h_732,al_c,q_85,usm_0.66_1.00_0.01,enc_avif,quality_auto/11062b_ddb9213a8b9843fc95e4200cd0622fe2~mv2.jpg",,,2026-04-15T19:28:04.988792+00:00
L-Theanine,l-theanine,https://www.whpwellness.com/product-page/l-theanine,,live,,"https://static.wixstatic.com/media/7b35c7_5406d0e988c549ccad5f1567d2e41a31~mv2.png/v1/fill/w_498,h_658,al_c,q_85,usm_0.66_1.00_0.01,enc_avif,quality_auto/7b35c7_5406d0e988c549ccad5f1567d2e41a31~mv2.png","https://static.wixstatic.com/media/11062b_ddb9213a8b9843fc95e4200cd0622fe2~mv2.jpg/v1/fill/w_1080,h_732,al_c,q_85,usm_0.66_1.00_0.01,enc_avif,quality_auto/11062b_ddb9213a8b9843fc95e4200cd0622fe2~mv2.jpg",,,2026-04-15T19:29:09.619893+00:00
Liver Sauce®,liver-sauce-1,https://www.whpwellness.com/product-page/liver-sauce-1,,live,,"https://static.wixstatic.com/media/7b35c7_6109cf9f77a44bb5a6986d8bb1416dc0~mv2.png/v1/fill/w_441,h_441,al_c,q_85,usm_0.66_1.00_0.01,enc_avif,quality_auto/7b35c7_6109cf9f77a44bb5a6986d8bb1416dc0~mv2.png","https://static.wixstatic.com/media/11062b_ddb9213a8b9843fc95e4200cd0622fe2~mv2.jpg/v1/fill/w_1080,h_732,al_c,q_85,usm_0.66_1.00_0.01,enc_avif,quality_auto/11062b_ddb9213a8b9843fc95e4200cd0622fe2~mv2.jpg",,,2026-04-15T19:27:34.966886+00:00
Mag Threonate,mag-threonate,https://www.whpwellness.com/product-page/mag-threonate,,live,,"https://static.wixstatic.com/media/7b35c7_9833dc013f094a92a6341e1a9dea244f~mv2.png/v1/fill/w_441,h_441,al_c,q_85,usm_0.66_1.00_0.01,enc_avif,quality_auto/7b35c7_9833dc013f094a92a6341e1a9dea244f~mv2.png","https://static.wixstatic.com/media/11062b_ddb9213a8b9843fc95e4200cd0622fe2~mv2.jpg/v1/fill/w_1080,h_732,al_c,q_85,usm_0.66_1.00_0.01,enc_avif,quality_auto/11062b_ddb9213a8b9843fc95e4200cd0622fe2~mv2.jpg",,,2026-04-15T19:27:54.347210+00:00
Magnesium,magnesium,https://www.whpwellness.com/product-page/magnesium,,live,,"https://static.wixstatic.com/media/7b35c7_43a4c060bafb4a42a7482f4e81befe85~mv2.png/v1/fill/w_441,h_441,al_c,q_85,usm_0.66_1.00_0.01,enc_avif,quality_auto/7b35c7_43a4c060bafb4a42a7482f4e81befe85~mv2.png","https://static.wixstatic.com/media/11062b_ddb9213a8b9843fc95e4200cd0622fe2~mv2.jpg/v1/fill/w_1080,h_732,al_c,q_85,usm_0.66_1.00_0.01,enc_avif,quality_auto/11062b_ddb9213a8b9843fc95e4200cd0622fe2~mv2.jpg",,,2026-04-15T20:01:21.537877+00:00
Magnesium Powder,magnesium-powder,https://www.whpwellness.com/product-page/magnesium-powder,,live,,"https://static.wixstatic.com/media/7b35c7_bbac43d97e8b4a06927cef947d723457~mv2.png/v1/fill/w_441,h_441,al_c,q_85,usm_0.66_1.00_0.01,enc_avif,quality_auto/7b35c7_bbac43d97e8b4a06927cef947d723457~mv2.png","https://static.wixstatic.com/media/11062b_ddb9213a8b9843fc95e4200cd0622fe2~mv2.jpg/v1/fill/w_1080,h_732,al_c,q_85,usm_0.66_1.00_0.01,enc_avif,quality_auto/11062b_ddb9213a8b9843fc95e4200cd0622fe2~mv2.jpg",,,2026-04-15T20:00:42.364478+00:00
Melatonin,melatonin,https://www.whpwellness.com/product-page/melatonin,,live,,"https://static.wixstatic.com/media/7b35c7_431fb8f492ad4a9398c455cc9a6f4c40~mv2.png/v1/fill/w_441,h_441,al_c,q_85,usm_0.66_1.00_0.01,enc_avif,quality_auto/7b35c7_431fb8f492ad4a9398c455cc9a6f4c40~mv2.png","https://static.wixstatic.com/media/11062b_ddb9213a8b9843fc95e4200cd0622fe2~mv2.jpg/v1/fill/w_1080,h_732,al_c,q_85,usm_0.66_1.00_0.01,enc_avif,quality_auto/11062b_ddb9213a8b9843fc95e4200cd0622fe2~mv2.jpg",,,2026-04-15T20:00:50.774894+00:00
MenstraCalm,menstracalm,https://www.whpwellness.com/product-page/menstracalm,,live,,"https://static.wixstatic.com/media/7b35c7_d44f17145ca84d0daa6e658f302b4f0b~mv2.png/v1/fill/w_441,h_441,al_c,q_85,usm_0.66_1.00_0.01,enc_avif,quality_auto/7b35c7_d44f17145ca84d0daa6e658f302b4f0b~mv2.png","https://static.wixstatic.com/media/11062b_ddb9213a8b9843fc95e4200cd0622fe2~mv2.jpg/v1/fill/w_1080,h_732,al_c,q_85,usm_0.66_1.00_0.01,enc_avif,quality_auto/11062b_ddb9213a8b9843fc95e4200cd0622fe2~mv2.jpg",,,2026-04-15T20:01:22.123267+00:00
Motility Support,motility-support,https://www.whpwellness.com/product-page/motility-support,,live,,"https://static.wixstatic.com/media/7b35c7_4157ece5f2014c96b710fa3ca9142d22~mv2.png/v1/fill/w_441,h_441,al_c,q_85,usm_0.66_1.00_0.01,enc_avif,quality_auto/7b35c7_4157ece5f2014c96b710fa3ca9142d22~mv2.png","https://static.wixstatic.com/media/11062b_ddb9213a8b9843fc95e4200cd0622fe2~mv2.jpg/v1/fill/w_1080,h_732,al_c,q_85,usm_0.66_1.00_0.01,enc_avif,quality_auto/11062b_ddb9213a8b9843fc95e4200cd0622fe2~mv2.jpg",,,2026-04-15T19:27:51.856755+00:00
N-Adrenal,n-adrenal,https://www.whpwellness.com/product-page/n-adrenal,,live,,"https://static.wixstatic.com/media/7b35c7_af7cf96743234d82b22760a5f0470a93~mv2.png/v1/fill/w_441,h_441,al_c,q_85,usm_0.66_1.00_0.01,enc_avif,quality_auto/7b35c7_af7cf96743234d82b22760a5f0470a93~mv2.png","https://static.wixstatic.com/media/11062b_ddb9213a8b9843fc95e4200cd0622fe2~mv2.jpg/v1/fill/w_1080,h_732,al_c,q_85,usm_0.66_1.00_0.01,enc_avif,quality_auto/11062b_ddb9213a8b9843fc95e4200cd0622fe2~mv2.jpg",,,2026-04-15T20:01:11.641787+00:00
N-Adreve,n-adreve,https://www.whpwellness.com/product-page/n-adreve,,live,,"https://static.wixstatic.com/media/7b35c7_2512f35767604d9c89a6bf8872db4c85~mv2.png/v1/fill/w_441,h_441,al_c,q_85,usm_0.66_1.00_0.01,enc_avif,quality_auto/7b35c7_2512f35767604d9c89a6bf8872db4c85~mv2.png","https://static.wixstatic.com/media/11062b_ddb9213a8b9843fc95e4200cd0622fe2~mv2.jpg/v1/fill/w_1080,h_732,al_c,q_85,usm_0.66_1.00_0.01,enc_avif,quality_auto/11062b_ddb9213a8b9843fc95e4200cd0622fe2~mv2.jpg",,,2026-04-15T20:01:34.657371+00:00
N.A.C,n-a-c,https://www.whpwellness.com/product-page/n-a-c,,live,,"https://static.wixstatic.com/media/7b35c7_a93146e5d3a24c6a942de22db4e131ed~mv2.png/v1/fill/w_441,h_441,al_c,q_85,usm_0.66_1.00_0.01,enc_avif,quality_auto/7b35c7_a93146e5d3a24c6a942de22db4e131ed~mv2.png","https://static.wixstatic.com/media/11062b_ddb9213a8b9843fc95e4200cd0622fe2~mv2.jpg/v1/fill/w_1080,h_732,al_c,q_85,usm_0.66_1.00_0.01,enc_avif,quality_auto/11062b_ddb9213a8b9843fc95e4200cd0622fe2~mv2.jpg",,,2026-04-15T20:01:33.978787+00:00
NAD+ Gold®,nad-gold,https://www.whpwellness.com/product-page/nad-gold,,live,,"https://static.wixstatic.com/media/7b35c7_3d012f28d39242c0b6c0f27a1523dd2d~mv2.png/v1/fill/w_441,h_441,al_c,q_85,usm_0.66_1.00_0.01,enc_avif,quality_auto/7b35c7_3d012f28d39242c0b6c0f27a1523dd2d~mv2.png","https://static.wixstatic.com/media/11062b_ddb9213a8b9843fc95e4200cd0622fe2~mv2.jpg/v1/fill/w_1080,h_732,al_c,q_85,usm_0.66_1.00_0.01,enc_avif,quality_auto/11062b_ddb9213a8b9843fc95e4200cd0622fe2~mv2.jpg",,,2026-04-15T19:27:35.741798+00:00
NATO-K,nato-k,https://www.whpwellness.com/product-page/nato-k,,live,,"https://static.wixstatic.com/media/7b35c7_32f65af404254eadac8ddcfca583254a~mv2.png/v1/fill/w_441,h_441,al_c,q_85,usm_0.66_1.00_0.01,enc_avif,quality_auto/7b35c7_32f65af404254eadac8ddcfca583254a~mv2.png","https://static.wixstatic.com/media/11062b_ddb9213a8b9843fc95e4200cd0622fe2~mv2.jpg/v1/fill/w_1080,h_732,al_c,q_85,usm_0.66_1.00_0.01,enc_avif,quality_auto/11062b_ddb9213a8b9843fc95e4200cd0622fe2~mv2.jpg",,,2026-04-15T20:01:26.502317+00:00
Nanofuel,nanofuel,https://www.whpwellness.com/product-page/nanofuel,,live,,"https://static.wixstatic.com/media/7b35c7_215087b795174f88ad2cd4925e58a6ca~mv2.png/v1/fill/w_441,h_441,al_c,q_85,usm_0.66_1.00_0.01,enc_avif,quality_auto/7b35c7_215087b795174f88ad2cd4925e58a6ca~mv2.png","https://static.wixstatic.com/media/11062b_ddb9213a8b9843fc95e4200cd0622fe2~mv2.jpg/v1/fill/w_1080,h_732,al_c,q_85,usm_0.66_1.00_0.01,enc_avif,quality_auto/11062b_ddb9213a8b9843fc95e4200cd0622fe2~mv2.jpg",,,2026-04-15T19:27:33.676770+00:00
Nitrox,nitrox,https://www.whpwellness.com/product-page/nitrox,,live,,"https://static.wixstatic.com/media/7b35c7_d6c7ff43cc84422dbe5f78e1dc21cb37~mv2.png/v1/fill/w_441,h_441,al_c,q_85,usm_0.66_1.00_0.01,enc_avif,quality_auto/7b35c7_d6c7ff43cc84422dbe5f78e1dc21cb37~mv2.png","https://static.wixstatic.com/media/11062b_ddb9213a8b9843fc95e4200cd0622fe2~mv2.jpg/v1/fill/w_1080,h_732,al_c,q_85,usm_0.66_1.00_0.01,enc_avif,quality_auto/11062b_ddb9213a8b9843fc95e4200cd0622fe2~mv2.jpg",,,2026-04-15T20:01:03.330284+00:00
Omega Capsules,omega-capsules,https://www.whpwellness.com/product-page/omega-capsules,,live,,"https://static.wixstatic.com/media/7b35c7_260c858f0d6a430cbf1240902d90a3e2~mv2.png/v1/fill/w_441,h_441,al_c,q_85,usm_0.66_1.00_0.01,enc_avif,quality_auto/7b35c7_260c858f0d6a430cbf1240902d90a3e2~mv2.png","https://static.wixstatic.com/media/11062b_ddb9213a8b9843fc95e4200cd0622fe2~mv2.jpg/v1/fill/w_1080,h_732,al_c,q_85,usm_0.66_1.00_0.01,enc_avif,quality_auto/11062b_ddb9213a8b9843fc95e4200cd0622fe2~mv2.jpg",,,2026-04-15T20:01:27.297499+00:00
OptiBoost Multi,optiboost-multi,https://www.whpwellness.com/product-page/optiboost-multi,,live,,"https://static.wixstatic.com/media/7b35c7_bc704a548d1141578d69d3844b3cb55c~mv2.png/v1/fill/w_441,h_441,al_c,q_85,usm_0.66_1.00_0.01,enc_avif,quality_auto/7b35c7_bc704a548d1141578d69d3844b3cb55c~mv2.png","https://static.wixstatic.com/media/11062b_ddb9213a8b9843fc95e4200cd0622fe2~mv2.jpg/v1/fill/w_1080,h_732,al_c,q_85,usm_0.66_1.00_0.01,enc_avif,quality_auto/11062b_ddb9213a8b9843fc95e4200cd0622fe2~mv2.jpg",,,2026-04-15T20:01:14.467533+00:00
Pregnenolone,pregnenolone,https://www.whpwellness.com/product-page/pregnenolone,,live,,"https://static.wixstatic.com/media/7b35c7_488ee9251a6c416988da37d0cb5bc839~mv2.png/v1/fill/w_441,h_441,al_c,q_85,usm_0.66_1.00_0.01,enc_avif,quality_auto/7b35c7_488ee9251a6c416988da37d0cb5bc839~mv2.png","https://static.wixstatic.com/media/11062b_ddb9213a8b9843fc95e4200cd0622fe2~mv2.jpg/v1/fill/w_1080,h_732,al_c,q_85,usm_0.66_1.00_0.01,enc_avif,quality_auto/11062b_ddb9213a8b9843fc95e4200cd0622fe2~mv2.jpg",,,2026-04-15T20:00:37.194062+00:00
Probiotic 100,probiotic-100,https://www.whpwellness.com/product-page/probiotic-100,,live,,"https://static.wixstatic.com/media/7b35c7_df81bba1e1e746f99223190de7b45c95~mv2.png/v1/fill/w_441,h_441,al_c,q_85,usm_0.66_1.00_0.01,enc_avif,quality_auto/7b35c7_df81bba1e1e746f99223190de7b45c95~mv2.png","https://static.wixstatic.com/media/11062b_ddb9213a8b9843fc95e4200cd0622fe2~mv2.jpg/v1/fill/w_1080,h_732,al_c,q_85,usm_0.66_1.00_0.01,enc_avif,quality_auto/11062b_ddb9213a8b9843fc95e4200cd0622fe2~mv2.jpg",,,2026-04-15T20:01:25.038671+00:00
Protein+,protein-1,https://www.whpwellness.com/product-page/protein-1,,live,,"https://static.wixstatic.com/media/7b35c7_838a88fde873495f944155900956fd1d~mv2.png/v1/fill/w_441,h_441,al_c,q_85,usm_0.66_1.00_0.01,enc_avif,quality_auto/7b35c7_838a88fde873495f944155900956fd1d~mv2.png","https://static.wixstatic.com/media/11062b_ddb9213a8b9843fc95e4200cd0622fe2~mv2.jpg/v1/fill/w_1080,h_732,al_c,q_85,usm_0.66_1.00_0.01,enc_avif,quality_auto/11062b_ddb9213a8b9843fc95e4200cd0622fe2~mv2.jpg",,,2026-04-15T19:27:31.354312+00:00
Redox-U,redox-u,https://www.whpwellness.com/product-page/redox-u,,live,,"https://static.wixstatic.com/media/11062b_ddb9213a8b9843fc95e4200cd0622fe2~mv2.jpg/v1/fill/w_1080,h_732,al_c,q_85,usm_0.66_1.00_0.01,enc_avif,quality_auto/11062b_ddb9213a8b9843fc95e4200cd0622fe2~mv2.jpg","https://static.wixstatic.com/media/11062b_ddb9213a8b9843fc95e4200cd0622fe2~mv2.jpg/v1/fill/w_1080,h_732,al_c,q_85,usm_0.66_1.00_0.01,enc_avif,quality_auto/11062b_ddb9213a8b9843fc95e4200cd0622fe2~mv2.jpg",,,2026-04-15T19:28:03.935238+00:00
Restorative Detox,restorative-powder,https://www.whpwellness.com/product-page/restorative-powder,,live,,"https://static.wixstatic.com/media/7b35c7_fa6f1c793f68460999b5a74f8eb2547c~mv2.png/v1/fill/w_441,h_441,al_c,q_85,usm_0.66_1.00_0.01,enc_avif,quality_auto/7b35c7_fa6f1c793f68460999b5a74f8eb2547c~mv2.png","https://static.wixstatic.com/media/11062b_ddb9213a8b9843fc95e4200cd0622fe2~mv2.jpg/v1/fill/w_1080,h_732,al_c,q_85,usm_0.66_1.00_0.01,enc_avif,quality_auto/11062b_ddb9213a8b9843fc95e4200cd0622fe2~mv2.jpg",,,2026-04-15T20:01:06.371147+00:00
SAMe,same,https://www.whpwellness.com/product-page/same,,live,,"https://static.wixstatic.com/media/7b35c7_90cd9a1bcf7046b8be9aa3ed4eb7093e~mv2.png/v1/fill/w_441,h_441,al_c,q_85,usm_0.66_1.00_0.01,enc_avif,quality_auto/7b35c7_90cd9a1bcf7046b8be9aa3ed4eb7093e~mv2.png","https://static.wixstatic.com/media/11062b_ddb9213a8b9843fc95e4200cd0622fe2~mv2.jpg/v1/fill/w_1080,h_732,al_c,q_85,usm_0.66_1.00_0.01,enc_avif,quality_auto/11062b_ddb9213a8b9843fc95e4200cd0622fe2~mv2.jpg",,,2026-04-15T20:01:12.171232+00:00
SBI Remove,sbi-remove,https://www.whpwellness.com/product-page/sbi-remove,,live,,"https://static.wixstatic.com/media/7b35c7_8ab2b97fba944b37b6da46431de6c783~mv2.png/v1/fill/w_441,h_441,al_c,q_85,usm_0.66_1.00_0.01,enc_avif,quality_auto/7b35c7_8ab2b97fba944b37b6da46431de6c783~mv2.png","https://static.wixstatic.com/media/11062b_ddb9213a8b9843fc95e4200cd0622fe2~mv2.jpg/v1/fill/w_1080,h_732,al_c,q_85,usm_0.66_1.00_0.01,enc_avif,quality_auto/11062b_ddb9213a8b9843fc95e4200cd0622fe2~mv2.jpg",,,2026-04-15T20:01:27.843675+00:00
Saccharomyces,saccharomyces,https://www.whpwellness.com/product-page/saccharomyces,,live,,"https://static.wixstatic.com/media/7b35c7_4b3a60ba85094be695fb70d3de4715ce~mv2.png/v1/fill/w_441,h_441,al_c,q_85,usm_0.66_1.00_0.01,enc_avif,quality_auto/7b35c7_4b3a60ba85094be695fb70d3de4715ce~mv2.png","https://static.wixstatic.com/media/11062b_ddb9213a8b9843fc95e4200cd0622fe2~mv2.jpg/v1/fill/w_1080,h_732,al_c,q_85,usm_0.66_1.00_0.01,enc_avif,quality_auto/11062b_ddb9213a8b9843fc95e4200cd0622fe2~mv2.jpg",,,2026-04-15T19:27:53.799735+00:00
Serevital,serevital,https://www.whpwellness.com/product-page/serevital,,live,,"https://static.wixstatic.com/media/7b35c7_a4850b977610459fa3095a722240fe5f~mv2.png/v1/fill/w_441,h_441,al_c,q_85,usm_0.66_1.00_0.01,enc_avif,quality_auto/7b35c7_a4850b977610459fa3095a722240fe5f~mv2.png","https://static.wixstatic.com/media/11062b_ddb9213a8b9843fc95e4200cd0622fe2~mv2.jpg/v1/fill/w_1080,h_732,al_c,q_85,usm_0.66_1.00_0.01,enc_avif,quality_auto/11062b_ddb9213a8b9843fc95e4200cd0622fe2~mv2.jpg",,,2026-04-15T20:01:22.717879+00:00
Thyroid Support,thyroid-support,https://www.whpwellness.com/product-page/thyroid-support,,live,,"https://static.wixstatic.com/media/7b35c7_86cd732a90ac47ef861d57e3a55c7298~mv2.png/v1/fill/w_441,h_441,al_c,q_85,usm_0.66_1.00_0.01,enc_avif,quality_auto/7b35c7_86cd732a90ac47ef861d57e3a55c7298~mv2.png","https://static.wixstatic.com/media/11062b_ddb9213a8b9843fc95e4200cd0622fe2~mv2.jpg/v1/fill/w_1080,h_732,al_c,q_85,usm_0.66_1.00_0.01,enc_avif,quality_auto/11062b_ddb9213a8b9843fc95e4200cd0622fe2~mv2.jpg",,,2026-04-15T20:00:33.430114+00:00
Tulsi,tulsi,https://www.whpwellness.com/product-page/tulsi,,live,,"https://static.wixstatic.com/media/7b35c7_751cd253c7964ea2aaaddd3bfc9b8b17~mv2.png/v1/fill/w_441,h_441,al_c,q_85,usm_0.66_1.00_0.01,enc_avif,quality_auto/7b35c7_751cd253c7964ea2aaaddd3bfc9b8b17~mv2.png","https://static.wixstatic.com/media/11062b_ddb9213a8b9843fc95e4200cd0622fe2~mv2.jpg/v1/fill/w_1080,h_732,al_c,q_85,usm_0.66_1.00_0.01,enc_avif,quality_auto/11062b_ddb9213a8b9843fc95e4200cd0622fe2~mv2.jpg",,,2026-04-15T20:00:26.992634+00:00
Turmeric,turmeric,https://www.whpwellness.com/product-page/turmeric,,live,,"https://static.wixstatic.com/media/7b35c7_731b1748692e43009e56ef65b1db8d6e~mv2.png/v1/fill/w_441,h_441,al_c,q_85,usm_0.66_1.00_0.01,enc_avif,quality_auto/7b35c7_731b1748692e43009e56ef65b1db8d6e~mv2.png","https://static.wixstatic.com/media/11062b_ddb9213a8b9843fc95e4200cd0622fe2~mv2.jpg/v1/fill/w_1080,h_732,al_c,q_85,usm_0.66_1.00_0.01,enc_avif,quality_auto/11062b_ddb9213a8b9843fc95e4200cd0622fe2~mv2.jpg",,,2026-04-15T20:01:31.030512+00:00
UT Max,ut-max,https://www.whpwellness.com/product-page/ut-max,,live,,"https://static.wixstatic.com/media/7b35c7_851368bb4a6740f0a5f4d7b4148ce580~mv2.png/v1/fill/w_441,h_441,al_c,q_85,usm_0.66_1.00_0.01,enc_avif,quality_auto/7b35c7_851368bb4a6740f0a5f4d7b4148ce580~mv2.png","https://static.wixstatic.com/media/11062b_ddb9213a8b9843fc95e4200cd0622fe2~mv2.jpg/v1/fill/w_1080,h_732,al_c,q_85,usm_0.66_1.00_0.01,enc_avif,quality_auto/11062b_ddb9213a8b9843fc95e4200cd0622fe2~mv2.jpg",,,2026-04-15T20:00:24.231029+00:00
Vira Calm,vira-calm,https://www.whpwellness.com/product-page/vira-calm,,live,,"https://static.wixstatic.com/media/7b35c7_1c183e3b66684d038e0b2d5e694d0cb4~mv2.png/v1/fill/w_441,h_441,al_c,q_85,usm_0.66_1.00_0.01,enc_avif,quality_auto/7b35c7_1c183e3b66684d038e0b2d5e694d0cb4~mv2.png","https://static.wixstatic.com/media/11062b_ddb9213a8b9843fc95e4200cd0622fe2~mv2.jpg/v1/fill/w_1080,h_732,al_c,q_85,usm_0.66_1.00_0.01,enc_avif,quality_auto/11062b_ddb9213a8b9843fc95e4200cd0622fe2~mv2.jpg",,,2026-04-15T20:01:00.710121+00:00
Vision Pro,vision-pro,https://www.whpwellness.com/product-page/vision-pro,,live,,"https://static.wixstatic.com/media/7b35c7_5a4c7a3f781e40b3b60125149d1bb705~mv2.png/v1/fill/w_441,h_441,al_c,q_85,usm_0.66_1.00_0.01,enc_avif,quality_auto/7b35c7_5a4c7a3f781e40b3b60125149d1bb705~mv2.png","https://static.wixstatic.com/media/11062b_ddb9213a8b9843fc95e4200cd0622fe2~mv2.jpg/v1/fill/w_1080,h_732,al_c,q_85,usm_0.66_1.00_0.01,enc_avif,quality_auto/11062b_ddb9213a8b9843fc95e4200cd0622fe2~mv2.jpg",,,2026-04-15T19:28:01.846489+00:00
Vita-C,vita-c,https://www.whpwellness.com/product-page/vita-c,,live,,"https://static.wixstatic.com/media/7b35c7_e35a25941d0047a784ac2808d596603a~mv2.png/v1/fill/w_441,h_441,al_c,q_85,usm_0.66_1.00_0.01,enc_avif,quality_auto/7b35c7_e35a25941d0047a784ac2808d596603a~mv2.png","https://static.wixstatic.com/media/11062b_ddb9213a8b9843fc95e4200cd0622fe2~mv2.jpg/v1/fill/w_1080,h_732,al_c,q_85,usm_0.66_1.00_0.01,enc_avif,quality_auto/11062b_ddb9213a8b9843fc95e4200cd0622fe2~mv2.jpg",,,2026-04-15T20:00:41.056096+00:00
Vital Aminos,vital-aminos,https://www.whpwellness.com/product-page/vital-aminos,,live,,"https://static.wixstatic.com/media/7b35c7_77a4a297e7954b3c8c8b5e5fbddacd99~mv2.png/v1/fill/w_441,h_441,al_c,q_85,usm_0.66_1.00_0.01,enc_avif,quality_auto/7b35c7_77a4a297e7954b3c8c8b5e5fbddacd99~mv2.png","https://static.wixstatic.com/media/11062b_ddb9213a8b9843fc95e4200cd0622fe2~mv2.jpg/v1/fill/w_1080,h_732,al_c,q_85,usm_0.66_1.00_0.01,enc_avif,quality_auto/11062b_ddb9213a8b9843fc95e4200cd0622fe2~mv2.jpg",,,2026-04-15T20:00:30.189250+00:00
Vital K+D,vital-k-d,https://www.whpwellness.com/product-page/vital-k-d,,live,,"https://static.wixstatic.com/media/7b35c7_7f8de8e74f47446ab33d41a9c933526e~mv2.png/v1/fill/w_441,h_441,al_c,q_85,usm_0.66_1.00_0.01,enc_avif,quality_auto/7b35c7_7f8de8e74f47446ab33d41a9c933526e~mv2.png","https://static.wixstatic.com/media/11062b_ddb9213a8b9843fc95e4200cd0622fe2~mv2.jpg/v1/fill/w_1080,h_732,al_c,q_85,usm_0.66_1.00_0.01,enc_avif,quality_auto/11062b_ddb9213a8b9843fc95e4200cd0622fe2~mv2.jpg",,,2026-04-15T20:01:08.012292+00:00
Vitamin D,vitamin-d,https://www.whpwellness.com/product-page/vitamin-d,,live,,"https://static.wixstatic.com/media/7b35c7_b91165fea56a400f8174302a9f6d12be~mv2.png/v1/fill/w_498,h_589,al_c,q_85,usm_0.66_1.00_0.01,enc_avif,quality_auto/7b35c7_b91165fea56a400f8174302a9f6d12be~mv2.png","https://static.wixstatic.com/media/11062b_ddb9213a8b9843fc95e4200cd0622fe2~mv2.jpg/v1/fill/w_1080,h_732,al_c,q_85,usm_0.66_1.00_0.01,enc_avif,quality_auto/11062b_ddb9213a8b9843fc95e4200cd0622fe2~mv2.jpg",,,2026-04-15T19:29:07.920208+00:00
Zinc,zinc,https://www.whpwellness.com/product-page/zinc,,live,,"https://static.wixstatic.com/media/7b35c7_1927d55180e24b20acfe0040b50740b6~mv2.png/v1/fill/w_498,h_604,al_c,q_85,usm_0.66_1.00_0.01,enc_avif,quality_auto/7b35c7_1927d55180e24b20acfe0040b50740b6~mv2.png","https://static.wixstatic.com/media/11062b_ddb9213a8b9843fc95e4200cd0622fe2~mv2.jpg/v1/fill/w_1080,h_732,al_c,q_85,usm_0.66_1.00_0.01,enc_avif,quality_auto/11062b_ddb9213a8b9843fc95e4200cd0622fe2~mv2.jpg",,,2026-04-15T19:29:08.955436+00:00
mB12,mb12,https://www.whpwellness.com/product-page/mb12,,live,,"https://static.wixstatic.com/media/7b35c7_d5891825d3034e3e9ad13190629d561a~mv2.png/v1/fill/w_441,h_441,al_c,q_85,usm_0.66_1.00_0.01,enc_avif,quality_auto/7b35c7_d5891825d3034e3e9ad13190629d561a~mv2.png","https://static.wixstatic.com/media/11062b_ddb9213a8b9843fc95e4200cd0622fe2~mv2.jpg/v1/fill/w_1080,h_732,al_c,q_85,usm_0.66_1.00_0.01,enc_avif,quality_auto/11062b_ddb9213a8b9843fc95e4200cd0622fe2~mv2.jpg",,,2026-04-15T20:00:57.324459+00:00
